video_title,Name,publish_date,duration,total_views,total_likes,total_comment
Meet Aman Dhattarwal | Episode 1,Aman Dhattarwal,2022-05-25,00:26:30,4785815,329711,12007
Meet Himanshi Singh | Episode 2,Himanshi Singh,2022-06-01,00:23:01,4341495,256433,7162
Meet Muddassir Khan | Founder of YeBook | Episode 3,Muddassir Khan,2022-06-08,00:20:46,1660859,102423,4789
Meet MBA Chai Wala | Prafull Billore | Episode 4,MBA Chai Wala,2022-06-13,00:22:33,12260590,777808,17324
Meet Vivek Mittal | Fit Tuber | Episode 5,Vivek Mittal,2022-06-18,00:20:57,2882346,158908,5198
Meet Pranjal Kamra | Make Money From Money | Episode 6,Pranjal Kamra,2022-06-22,00:28:01,4352208,201693,5790
Meet Kanchan Keshari | Speak English With Confidence | Episode 7,Kanchan Keshari,2022-06-25,00:22:22,3915587,184268,6052
Meet Himeesh Madaan | Motivational Speaker | Episode 8,Himeesh Madaan,2022-06-30,00:21:43,1610577,108768,5615
Meet A2 Motivation | Arvind Arora | Episode 9,A2 Motivation,2022-07-06,00:20:26,4166166,316087,9542
Meet Sourav Joshi Vlogs | Episode 10,Sourav Joshi Vlogs,2022-07-08,00:21:32,9860706,754698,21672
Meet Alakh Pandey | Physics Wallah | Episode 11,Alakh Pandey,2022-07-11,00:25:11,10843092,814219,32775
Meet Stand Up Comedian Haseeb Khan | Episode 12,Stand Up Comedian Haseeb Khan,2022-07-14,00:21:11,8205849,488866,11746
Meet Abhinay Sharma | Mathematics Teacher | Episode 13,Abhinay Sharma,2022-07-18,00:22:26,4601857,307307,13779
Meet Pushkar Raj Thakur | Money Making Tips & Ideas | Episode 14,Pushkar Raj Thakur,2022-07-21,00:19:51,2969758,170908,6036
Meet Abby Viral | Motivational Rapper | Episode 15,Abby Viral,2022-07-23,00:15:51,1542300,124953,5086
Meet Rachana Ranade | Make Money From Money | Episode 16,Rachana Ranade,2022-07-28,00:21:57,2845598,149228,6180
Meet Sahil Khanna | Episode 17,Sahil Khanna,2022-07-30,00:21:49,1004778,63874,4725
Meet Jaya Kishori | Episode 18,Jaya Kishori,2022-08-02,00:28:44,9384838,604248,34823
Meet Neha Agrawal | Episode 19,Neha Agrawal,2022-08-06,00:21:15,1810627,111999,5802
Meet Anant Ladha | Make Money From Money | Episode 20,Anant Ladha,2022-08-08,00:21:49,1495523,88990,3958
Meet Coach BSR | Episode 21,Coach BSR,2022-08-11,00:20:21,879155,53648,3262
Meet Chai Sutta Bar Founder Anubhav Dubey | Episode 22,Chai Sutta Bar Founder Anubhav Dubey,2022-08-13,00:16:36,4285250,261172,7020
Meet Manoj Dey | Episode 23,Manoj Dey,2022-08-18,00:17:26,3844568,291317,11939
Meet Dr. Ujjwal Patni | Episode 24,Dr. Ujjwal Patni,2022-08-23,00:24:50,2422130,161149,8009
Meet Technical Guruji | Episode 25,Technical Guruji,2022-08-26,00:22:20,5297623,380786,11757
Meet Dr. Vivek Bindra | Episode 26,Dr. Vivek Bindra,2022-08-29,00:23:05,5721544,429819,28817
Meet Mr. Indian Hacker | Episode 27,Mr. Indian Hacker,2022-08-31,00:16:47,8796505,614727,27533
Meet Khan Sir | Episode 29,Khan Sir,2022-09-05,00:22:51,18657099,1508703,99601
Meet Kanak Khathuria | Episode 28,Kanak Khathuria,2022-09-02,00:16:44,1496108,79526,5881
Meet Swami Prakarshananda | Episode 30,Swami Prakarshananda,2022-09-08,00:16:08,1997106,130320,10310
Meet Vivek Sir & Vardaan Sir | Episode 31,Vivek Sir & Vardaan Sir,2022-09-10,00:15:51,1529137,92891,6886
Meet Deepak Daiya | Episode 32,Deepak Daiya,2022-09-12,00:12:41,1671163,104094,7058
Meet Mahendra Dogney | Episode 33,Mahendra Dogney,2022-09-14,00:15:51,1865351,120668,7167
Meet Ankur Warikoo | Episode 34,Ankur Warikoo,2022-09-16,00:24:01,2459552,162418,10696
Meet GamerFleet Anshu Bisht | Episode 35,GamerFleet Anshu Bisht,2022-09-19,00:20:16,5536238,447107,13281
Meet Ranveer Allahbadia BeerBiceps | Episode 36,Ranveer Allahbadia BeerBiceps,2022-09-22,00:16:41,3176299,229736,9116
Meet Shobhit Nirwan | Episode 37,Shobhit Nirwan,2022-09-24,00:15:01,1690264,130869,6508
Meet RJ Kartik | Episode 38,RJ Kartik,2022-09-26,00:15:11,1357640,104645,6334
Meet Superwoman Roshni Mukherjee | Episode 39,Superwoman Roshni Mukherjee,2022-09-28,00:17:41,1787571,119826,7060
Meet Aleena Rais | Speak English With Confidence | Episode 40,Aleena Rais,2022-09-30,00:16:04,4691556,263022,8645
Meet Satish K Videos | Make Money Online | Episode 41,Satish K Videos,2022-10-03,00:16:21,1137244,77339,4810
Meet Magician Suhani Shah | Episode 42,Magician Suhani Shah,2022-10-05,00:21:41,9023135,587289,24279
Meet Mr. Asia Yatinder Singh | Episode 43,Mr. Asia Yatinder Singh,2022-10-07,00:17:38,2797447,197619,12940
Meet Sonu Sharma | Episode 44,Sonu Sharma,2022-10-11,00:15:47,5421911,445585,22245
Meet Mahatmaji Technical | Episode 45,Mahatmaji Technical,2022-10-13,00:17:41,990210,64709,4215
Meet Zindagi With Richa | Episode 46,Zindagi With Richa,2022-10-15,00:16:15,1607654,99733,5935
Meet Satender Singh | Speak English With Confidence | Episode 47,Satender Singh,2022-10-17,00:15:51,813804,53694,4083
"Meet Dr. Nirmal Gehlot, Founder of Utkarsh Classes Jodhpur | Episode 48","Dr. Nirmal Gehlot, Founder of Utkarsh Classes Jodhpur",2022-10-20,00:15:41,1230066,93678,6761
Meet CoolMitra Motivation | Episode 49,CoolMitra Motivation,2022-10-22,00:12:31,797547,50408,3300
Meet Dr. Vikas Divyakirti | Episode 50,Dr. Vikas Divyakirti,2022-10-24,00:26:28,13177823,876314,54296
Meet Laughter Champion Rajat Sood | Episode 51,Laughter Champion Rajat Sood,2022-10-27,00:16:36,5448660,322076,11208
Meet Mangesh Shinde WillPower Star | Episode 52,Mangesh Shinde WillPower Star,2022-10-29,00:18:46,1019149,54753,4929
Meet Asset Yogi Mukul Malik | Episode 53,Asset Yogi Mukul Malik,2022-10-31,00:17:53,835777,43250,3603
Meet Gagan Pratap Maths | Episode 54,Gagan Pratap Maths,2022-11-02,00:15:23,1885736,122000,8424
Meet Tech Burner Shlok Srivastava | Episode 55,Tech Burner Shlok Srivastava,2022-11-04,00:16:18,3682785,267062,11104
Meet Dear Sir | Episode 56,Dear Sir,2022-11-09,00:14:20,1797227,119065,7303
Meet Josh Talks Founders | Episode 57,Josh Talks Founders,2022-11-11,00:19:11,1474526,85075,4726
Meet Civil Beings Sagar Dodeja | Episode 58,Civil Beings Sagar Dodeja,2022-11-14,00:14:06,854129,54759,3580
Meet Science and Fun Ashu Ghai | Episode 59,Science and Fun Ashu Ghai,2022-11-16,00:14:12,3111252,215027,8534
Meet Mister Proton | Episode 60,Mister Proton,2022-11-18,00:14:48,856294,63184,4257
Meet Love Birds Amrita Rao & RJ Anmol | Episode 61,Love Birds Amrita Rao & RJ Anmol,2022-11-20,00:23:12,4934403,248184,7376
Meet Ritesh Agarwal OYO Founder | Episode 62,Ritesh Agarwal OYO Founder,2022-11-23,00:20:03,2692257,162635,6785
Meet Chetna Vasishth | Episode 63,Chetna Vasishth,2022-11-25,00:16:38,1169284,68473,4158
Meet RiderGirl Vishakha | Episode 64,RiderGirl Vishakha,2022-11-28,00:13:37,945280,54050,3547
Meet Nitish Rajput | Episode 65,Nitish Rajput,2022-11-30,00:14:01,1623370,101580,6096
Meet Harshvardhan Jain | Episode 66,Harshvardhan Jain,2022-12-02,00:16:32,3475143,234872,10736
Meet Swami Mukundananda | Episode 67,Swami Mukundananda,2022-12-06,00:19:54,2031787,136344,9529
Meet Paayal Jain & Tena Jain | Episode 68,Paayal Jain & Tena Jain,2022-12-09,00:14:51,3584609,150579,5438
Meet Google Boy Kautilya Pandit | Episode 69,Google Boy Kautilya Pandit,2022-12-12,00:14:32,6373492,388045,12545
Meet Avadh Ojha Sir | Episode 70,Avadh Ojha Sir,2022-12-15,00:25:39,6905321,473494,26864
Meet Wonder Girl Janhavi | Episode 71,Wonder Girl Janhavi,2022-12-19,00:13:32,2354773,117322,5933
Meet Crazy XYZ Amit Sharma | Episode 72,Crazy XYZ Amit Sharma,2022-12-24,00:14:19,2900522,217080,7976
Meet Ghazal Alagh Mamaearth Founder | Episode 73,Ghazal Alagh Mamaearth Founder,2022-12-26,00:24:21,2281408,104365,6684
Meet Ankush Sachdeva ShareChat Founder | Episode 74,Ankush Sachdeva ShareChat Founder,2022-12-30,00:19:41,744225,41420,3364
Meet SidTalk Siddhant Jain | Episode 75,SidTalk Siddhant Jain,2023-01-04,00:16:12,597521,38157,2544
Meet Olympia Winner Anand Arnold | Episode 76,Olympia Winner Anand Arnold,2023-01-06,00:17:31,468974,47579,2908
Meet Ridhima Arora Namhya Foods Founder | Episode 77,Ridhima Arora Namhya Foods Founder,2023-01-10,00:17:20,730348,35226,2471
Meet Shradha Sharma YourStory Founder | Episode 78,Shradha Sharma YourStory Founder,2023-01-12,00:21:55,597991,33351,2620
Meet Entrepreneur Pramod Raj Shukla | Episode 79,Entrepreneur Pramod Raj Shukla,2023-01-16,00:22:16,522231,27875,4796
Meet Groww Founder Lalit Keshre | Episode 80,Groww Founder Lalit Keshre,2023-01-19,00:16:45,605815,32431,3840
Meet Raft Motors Founders | Episode 81,Raft Motors Founders,2023-01-25,00:26:29,371269,20934,2787
